year,resident_population,source_url
1790,3929214,https://www.census.gov/programs-surveys/decennial-census/decade/decennial-facts.1790.html
1800,5308483,https://www.census.gov/programs-surveys/decennial-census/decade/decennial-facts.1800.html
1810,7239881,https://www.census.gov/programs-surveys/decennial-census/decade/decennial-facts.1810.html
1820,9638453,https://www.census.gov/programs-surveys/decennial-census/decade/decennial-facts.1820.html
1830,12860702,https://www.census.gov/programs-surveys/decennial-census/decade/decennial-facts.1830.html
1840,17063353,https://www.census.gov/programs-surveys/decennial-census/decade/decennial-facts.1840.html
1850,23191876,https://www.census.gov/programs-surveys/decennial-census/decade/decennial-facts.1850.html
1860,31443321,https://www.census.gov/programs-surveys/decennial-census/decade/decennial-facts.1860.html
1870,38558371,https://www.census.gov/programs-surveys/decennial-census/decade/decennial-facts.1870.html
1880,50189209,https://www.census.gov/programs-surveys/decennial-census/decade/decennial-facts.1880.html
1890,62979766,https://www.census.gov/programs-surveys/decennial-census/decade/decennial-facts.1890.html
1900,76212168,https://www.census.gov/programs-surveys/decennial-census/decade/decennial-facts.1900.html
1910,92228496,https://www.census.gov/programs-surveys/decennial-census/decade/decennial-facts.1910.html
1920,106021537,https://www.census.gov/programs-surveys/decennial-census/decade/decennial-facts.1920.html
